{
    "keep": {
        "days": true,
        "amount": 14
    },
    "auditLog": "logs/.05c834399fd36e98a81a32337ccabad1e9dde7aa-audit.json",
    "files": [
        {
            "date": 1745581452294,
            "name": "logs/error-2025-04-25.log",
            "hash": "93df1f2bc76d1c219be322f99f827feec574b8e91058d3f51b37ae808b9a550f"
        },
        {
            "date": 1745821617078,
            "name": "logs/error-2025-04-28.log",
            "hash": "66a5ec7aadc18f4ad7e532de583e698aa7a27ba18348678a6dc46f02f2ccb7ca"
        }
    ],
    "hashType": "sha256"
}