{
    "keep": {
        "days": true,
        "amount": 14
    },
    "auditLog": "logs/.e1e2163de57a439e7e60b2bef20d36b32815688c-audit.json",
    "files": [
        {
            "date": 1745581452296,
            "name": "logs/debug-2025-04-25.log",
            "hash": "54a18fad264f65ce9a513e8db28c04dc9b6d66a28fdf4b19186cedab3f039eef"
        },
        {
            "date": 1745821617081,
            "name": "logs/debug-2025-04-28.log",
            "hash": "7f578a4047ae5d86cdfef9e60401dbc3aa0c4c73afb8f78427da791887b469cf"
        }
    ],
    "hashType": "sha256"
}